mean;1
31.68550348;7.371040235
0;0
0;0
0;0
0;0
0;0