mean;1
3688.060203;1989.524149
4255.40183;2037.769185
5009.969284;2056.591577
5545.309643;2034.332264
6103.05917;1960.398095
6351.055151;1858.9517