mean;1
24201.8987;306.7345618
25112.944;389.9062018
23450.11339;461.8160544
21834.74209;474.4542609
21336.13696;460.2495079
21490.46783;476.5909767